{
  "config": {
    "dataset_path": "datasets_directory/GSM8k/data/gsm8k_train.jsonl",
    "num_samples": 3,
    "n_layers": 3,
    "n_neurons": 12,
    "vocab_size": 32,
    "phi_method": "attention_mean",
    "ci_method": "logit_diff",
    "top_k": 16,
    "temperature": 1.0,
    "combine": "product"
  },
  "phi_rankings": {
    "layer_0": [
      [
        10,
        1.267992377281189
      ],
      [
        3,
        1.247355341911316
      ],
      [
        1,
        1.2277069091796875
      ],
      [
        5,
        1.2131582498550415
      ]
    ],
    "layer_1": [
      [
        10,
        4.322537899017334
      ],
      [
        5,
        3.716794729232788
      ],
      [
        3,
        3.7019004821777344
      ],
      [
        1,
        3.6113433837890625
      ]
    ],
    "layer_2": [
      [
        10,
        7.377084255218506
      ],
      [
        5,
        6.220430850982666
      ],
      [
        3,
        6.15644645690918
      ],
      [
        1,
        5.9949798583984375
      ]
    ]
  },
  "kappa_rankings": {
    "layer_0": [
      [
        8,
        -0.1660023331642151
      ],
      [
        7,
        -0.4050109386444092
      ],
      [
        4,
        -0.5854742527008057
      ],
      [
        2,
        -0.9127528667449951
      ]
    ],
    "layer_1": [
      [
        8,
        -1.7300379276275635
      ],
      [
        7,
        -3.499654769897461
      ],
      [
        4,
        -5.513704776763916
      ],
      [
        2,
        -8.175527572631836
      ]
    ],
    "layer_2": [
      [
        8,
        -5.2221293449401855
      ],
      [
        7,
        -10.117416381835938
      ],
      [
        4,
        -15.793785095214844
      ],
      [
        2,
        -23.761295318603516
      ]
    ]
  },
  "target_logit_deltas": {
    "layer_0": [
      {
        "sample_index": 0,
        "target_token": 6,
        "top_neuron_deltas": [
          [
            8,
            -0.0
          ],
          [
            4,
            -0.8674618601799011
          ],
          [
            7,
            -1.4460880756378174
          ],
          [
            0,
            -2.1780407428741455
          ]
        ]
      },
      {
        "sample_index": 1,
        "target_token": 21,
        "top_neuron_deltas": [
          [
            8,
            0.35757848620414734
          ],
          [
            1,
            0.3157029151916504
          ],
          [
            3,
            0.3009833097457886
          ],
          [
            9,
            0.2678970396518707
          ]
        ]
      },
      {
        "sample_index": 2,
        "target_token": 6,
        "top_neuron_deltas": [
          [
            7,
            -0.09670788049697876
          ],
          [
            2,
            -0.11988873779773712
          ],
          [
            0,
            -0.2529183626174927
          ],
          [
            8,
            -0.2937157154083252
          ]
        ]
      }
    ],
    "layer_1": [
      {
        "sample_index": 0,
        "target_token": 6,
        "top_neuron_deltas": [
          [
            8,
            -0.0
          ],
          [
            4,
            -2.432036876678467
          ],
          [
            7,
            -4.063742637634277
          ],
          [
            0,
            -6.149653911590576
          ]
        ]
      },
      {
        "sample_index": 1,
        "target_token": 21,
        "top_neuron_deltas": [
          [
            8,
            1.0226812362670898
          ],
          [
            1,
            0.8984596133232117
          ],
          [
            3,
            0.8552355766296387
          ],
          [
            9,
            0.7588061690330505
          ]
        ]
      },
      {
        "sample_index": 2,
        "target_token": 6,
        "top_neuron_deltas": [
          [
            7,
            -0.2712181508541107
          ],
          [
            2,
            -0.3365221619606018
          ],
          [
            0,
            -0.7162731885910034
          ],
          [
            8,
            -0.8352993726730347
          ]
        ]
      }
    ],
    "layer_2": [
      {
        "sample_index": 0,
        "target_token": 6,
        "top_neuron_deltas": [
          [
            8,
            -0.0
          ],
          [
            4,
            -3.9966118335723877
          ],
          [
            7,
            -6.681396961212158
          ],
          [
            0,
            -10.12126636505127
          ]
        ]
      },
      {
        "sample_index": 1,
        "target_token": 21,
        "top_neuron_deltas": [
          [
            8,
            1.68778395652771
          ],
          [
            1,
            1.4812161922454834
          ],
          [
            3,
            1.4094878435134888
          ],
          [
            9,
            1.2497153282165527
          ]
        ]
      },
      {
        "sample_index": 2,
        "target_token": 6,
        "top_neuron_deltas": [
          [
            7,
            -0.4457284212112427
          ],
          [
            2,
            -0.5531556010246277
          ],
          [
            0,
            -1.1796280145645142
          ],
          [
            8,
            -1.3768830299377441
          ]
        ]
      }
    ]
  }
}